id,product_name,product_price,product_store,product_image,product_rating,api
0,Tekei Dao B√¨a ƒë·∫ßu b·∫øp butcher d·ª•ng c·ª• nh√† b·∫øp ƒë·∫ßy ƒë·ªß tang x·ª≠ l√Ω da dao v·ªè b·ªçc,50936,Tekei Wuyangmin,https://p-vn.ipricegroup.com/9baa296684136be7c4d10e026fb54514e78dc1ed_0.jpg,4.7,
1,Shein 1 2 chi·∫øc dao l√†m b√°nh b·∫±ng th√©p kh√¥ng g·ªâ dao c·∫Øt ph√¥ mai b√°nh m√¨ v√† th√¨a th√≠ch h·ª£p cho nh√† h√†ng ti·ªác sinh nh·∫≠t ti·ªác c∆∞·ªõi tr√°ng mi·ªáng b√°nh dao c·∫Øt pizza ƒë·ªì d√πng h·ªçc t·∫≠p qu√† t·∫∑ng Gi√°ng sinh,51000,,https://p-vn.ipricegroup.com/9a035c0e6e34d9fdf001cdd123eadc6e514faa32_0.jpg,,
2,Dao G·ªçt B√†o S·ª£i Rau C·ªß ƒêa NƒÉng Inox 304 B·ªÅn B·ªâ Hobby Home Decor Dcdn,67000,20023,https://p-vn.ipricegroup.com/a4ee2fb397e08f77f7ef57c1fad2da2e90c74290_0.jpg,,
3,B·ªô N·∫°o C·ªß Qu·∫£ 6 M√≥n 6 L∆∞·ª°i INOX 304 B√†o Rau C·ªß Qu·∫£ Th√°i L√°t B√†o S·ª£i ƒêa NƒÉng B·ªÅn ƒê·∫πp lzb033vn,51000,lzb033,https://p-vn.ipricegroup.com/91c7b330c9129a67bde356a15fcaf0e5d678569b_0.jpg,4.5,
4,(K√©o d√†i 23cm)K√©o Nh√† B·∫øp ƒêa NƒÉng Th∆∞∆°ng Hi·ªáu SK5 t·ª´ Nh·∫≠t B·∫£n - C√°n Kim Lo·∫°i C·∫ßm Ch·∫Øc Tay - Si√™u B√©n - C·∫Øt Th·ªãt G√† V·ªãt Nhanh G·ªçn - K√©o Nh√† B·∫øp,51000,Kho S·ªâ Ch·ª£ L·ªõn,https://p-vn.ipricegroup.com/f47708b9b3fb53614db945fb7dc39ec443604aba_0.jpg,4.9,
5,G01 B·ªô n·∫°o rau c·ªß qu·∫£ 5 in 1 INOX cao c·∫•p kh√¥ng g·ªâ ƒë·ªì b√†o rau c·ªß 5 l∆∞·ª°i dao ƒëa nƒÉng ti·ªán d·ª•ng nh√† b·∫øp,51000,G01 Ph·ª• Ki·ªán Th√¥ng Minh,https://p-vn.ipricegroup.com/875143860377299df75140de835e1a4171875a15_0.jpg,4.4,
6,B·ªô Dao K√©o L√∫a M·∫°ch Cao C·∫•p 6 Chi Ti·∫øt Kh√°ng Khu·∫©n Ch·ªëng G·ªâ Chuy√™n D·ª•ng Cho CƒÉn B·∫øp,62000,238102,https://p-vn.ipricegroup.com/408f9ce5de00ef7c37a201ded9c5b1b83b9f9cb1_0.jpg,,
7,B·ªô N·∫°o C·ªß Qu·∫£ 6 M√≥n 6 L∆∞·ª°i INOX 304 B√†o Rau C·ªß Qu·∫£ Th√°i L√°t B√†o S·ª£i ƒêa NƒÉng B·ªÅn ƒê·∫πp,51002,N·ªôi Th·∫•t House,https://p-vn.ipricegroup.com/52d029982e090938e51b8ece68b91d838797a0f7_0.jpg,4.6,
8,miankeji M√°y c·∫Øt rau c·ªß tr√°i c√¢y M√°y th√°i l√°t c·∫Øt h√†nh t√¢y t·ªèi l∆∞·ªùi c·∫Øt rau Hai m·∫∑t ti·ªán √≠ch nh√† b·∫øp,51806,miankeji,https://p-vn.ipricegroup.com/6ac7fcb5c2091f8865ef12b77addbda9c108bad9_0.jpg,4.8,
9,Tolsen K√©o c·∫Øt k√©o l√†m b·∫øp kitchen scissors 200mm 8inch 30045 ch·∫•t li·ªáu cao c·∫•p b·ªÅn b·ªâ ch·ªëng va ƒë·∫≠p thi·∫øt k·∫ø ch·∫Øc ch·∫Øn ƒë·∫£m b·∫£o an to√†n cho ng∆∞·ªùi s·ª≠ d·ª•ng,51990,TOLSEN TOOLS,https://p-vn.ipricegroup.com/20bd5d72e3d6150516ca558b43be0bca337e4c3b_0.jpg,4.8,
10,B·ªô dao nh√† b·∫øp nh·∫≠t b·∫£n 5 m√≥n dao b·∫øp ch·∫•t li·ªáu th√©p kh√¥ng r·ªâ s·∫Øc b√©n,57400,GIA D·ª§NG TH√îNG MINH JSC,https://p-vn.ipricegroup.com/284ddc21ec46058ceb5bacdcbeeccdf0edde4d37_0.jpg,4.9,
11,Shein B·ªô dao k√©o h·ªça ti·∫øt d√¢u t√¢y 1 chi·∫øc c√≥ h·ªôp ƒë·ª±ng trong su·ªët b·ªô d·ª•ng c·ª• b·∫±ng th√©p kh√¥ng g·ªâ di ƒë·ªông h·ªôp ƒë·ª±ng cho gia ƒë√¨nh nh√† b·∫øp qu√† t·∫∑ng Gi√°ng sinh,52000,,https://p-vn.ipricegroup.com/5512a7dfb16bd43624bc8f797cc790412d93034d_0.jpg,,
12,B·ªô dao 5 m√≥n l∆∞·ª°i ƒëen Buck M√£ T65S 2024,52000,Tr√πm s·ªâ AZ,https://p-vn.ipricegroup.com/be587e6f11b130f5b529fa7360925812302959d7_0.jpg,4.7,
13,B·ªô Dao Tr√°i C√¢y B·∫±ng Nh·ª±a D√†nh Cho H·ªçc Sinh K√Ω T√∫c X√° D·ª•ng C·ª• Nh√† B·∫øp K√≠ch Th∆∞·ªõc Nh·ªè G·ªçn B·ªÅn C·∫Øt Rau C·ªß Qu·∫£,52000,TBC New Store 687,https://p-vn.ipricegroup.com/00e13ff387d2a8ac8075504791d31f4c17daae2c_0.jpg,4.7,
14,Elmich (Tu·∫ßn l·ªÖ Valentine)D·ª•ng c·ª• m√†i dao k√©o EL8425,169000,Elmich Vietnam,https://p-vn.ipricegroup.com/11142a8619c035d3b370da44e0e86195e0a88eaf_0.jpg,4.9,
15,Shein T√πy ch·ªânh 1 c√°i Dao b∆° b·∫±ng th√©p kh√¥ng g·ªâ Dao c·∫Øt ph√¥ mai D·ª•ng c·ª• ph·∫øt b∆° D·ª•ng c·ª• ph·∫øt m·ª©t Dao ƒÉn s√°ng Th√¨a b∆° D·ª•ng c·ª• nh√† b·∫øp,52000,,https://p-vn.ipricegroup.com/178846331035d37a5fc678ace183cdb95a51bc69_0.jpg,,
16,Dao Ch·∫∑t T√¥ng C√°n S·∫Øt Ch·∫∑t C√¢y Ch·∫∑t X∆∞∆°ng R√®n T·ª´ Th√©p Nh√≠p Si√™u B·ªÅn - D·ª•ng c·ª• nh√† b·∫øp dao ch·∫∑t th·ªãt g√† ch·∫∑t x∆∞∆°ng,52000,Kaizenviet,https://p-vn.ipricegroup.com/5ecc5db16ca5515cb72c9b2beb566627466a1761_0.jpg,4.6,
17,BAREN Dao B√¨a ƒë·∫ßu b·∫øp butcher d·ª•ng c·ª• nh√† b·∫øp ƒë·∫ßy ƒë·ªß tang x·ª≠ l√Ω da dao v·ªè b·ªçc,52285,BAREN,https://p-vn.ipricegroup.com/9ec830f631c32c0735758ec16cee751a88d2f5cd_0.jpg,4.8,
18,D·ª•ng C·ª• M√†i Dao ƒêa NƒÉng 5 Trong 1 V·ªõi Thanh Kim C∆∞∆°ng 400/1000 Th√©p Vonfram M√†i B·∫±ng G·ªëm ƒê√° M√†i Dao Hai M·∫∑t Cho Dao Nh√† B·∫øp,63250,Global Merch Park,https://p-vn.ipricegroup.com/cb44169fc9225059dca37f1f4e84d07b999568a9_0.jpg,4.8,
19,runtian Dao B√¨a ƒë·∫ßu b·∫øp butcher d·ª•ng c·ª• nh√† b·∫øp ƒë·∫ßy ƒë·ªß tang x·ª≠ l√Ω da dao v·ªè b·ªçc,52285,runtian,https://p-vn.ipricegroup.com/ae142f39e92fd39047dc2052d9aa2c2792083564_0.jpg,4.7,
20,D·ª•ng C·ª• M√†i C·∫ßm Tay ƒê·ªì D√πng Nh√† B·∫øp K√©o C·∫Øt ƒêa NƒÉng Nhanh D·ª•ng C·ª• M√†i Dao Kim C∆∞∆°ng ƒê√° M√†i Que M√†i Dao,52371,TTLIFE Household Mall,https://p-vn.ipricegroup.com/e44dc0c428eb9d1b8c4c86c84a3608291c84e15f_0.jpg,4.8,
21,Dao l√†m b·∫øp m·ªõi ti·∫øt ki·ªám s·ª©c lao ƒë·ªông dao l√†m b·∫øp r√®n tay dao ƒë·∫ßu b·∫øp dao th√°i th·ªãt dao n·ªØ s·∫Øc b√©n,52500,KAIZEN GOLD,https://p-vn.ipricegroup.com/212f27db5c41546683954a97cbded907a578f2d4_0.jpg,4.8,
22,[B√°n Ch·∫°y üî•]ƒê√° M√†i Dao B·∫£n 2 M·∫∑t Si√™u S·∫Øc ƒê·ªô M·ªãn 1000 ƒê·∫øn 8000 D·ª•ng C·ª• M√†i Dao K√©o Chuy√™n Nghi·ªápsi√™u b√©n nh·∫≠t b·∫£n,69840,Samebeauty,https://p-vn.ipricegroup.com/c2b84e0f884be5ffcf17e9a425c941dccde82c22_0.jpg,4.7,
23,Dtake Dao B√¨a ƒë·∫ßu b·∫øp butcher d·ª•ng c·ª• nh√† b·∫øp ƒë·∫ßy ƒë·ªß tang x·ª≠ l√Ω da dao v·ªè b·ªçc,52788,Dtake Zhantong,https://p-vn.ipricegroup.com/bdc92f69f259ed6cb6ab282b67384c25e91c7475_0.jpg,4.8,
24,Sanba Dao B√¨a ƒë·∫ßu b·∫øp butcher d·ª•ng c·ª• nh√† b·∫øp ƒë·∫ßy ƒë·ªß tang x·ª≠ l√Ω da dao v·ªè b·ªçc,52788,Sanba Fufeng,https://p-vn.ipricegroup.com/6b1dd3fe26e95006dcfd478bdca0b15fa60e2fbc_0.jpg,4.8,
25,[Water]Hot Sale Freeshipping Dao B√¨a ƒë·∫ßu b·∫øp butcher d·ª•ng c·ª• nh√† b·∫øp ƒë·∫ßy ƒë·ªß tang x·ª≠ l√Ω da dao v·ªè b·ªçc,52788,Water Leaves,https://p-vn.ipricegroup.com/51e3d548f4ab6081bd3f7585e7275bed416e13b0_0.jpg,4.7,
26,[H·ªòP 12 C√ÇY] B·ªô dao b·∫øp Th√°i Lan c√°n v√†ng m≈©i nh·ªçn 511 ch·∫•t li·ªáu inox dao g·ªçt tr√°i c√¢y rau c·ªß qu·∫£ si√™u b√©n Thailand,53500,Luong Yen store,https://p-vn.ipricegroup.com/b38597e522e5662c6da32524e64e3ae5078ef478_0.jpg,4.9,
27,ROBOROBO [Ch√≠nh H√£ng] K√©o C·∫Øt Th·ª±c Ph·∫©m K√©o C·∫Øt Th·ªãt N∆∞·ªõng GGOMI GG152 Nh·∫≠p Kh·∫©u H√†n Qu·ªëc 25cm,52800,Jimmeal Store,https://p-vn.ipricegroup.com/927a153d3e1474baa3f4a835f3876c7c5679fc71_0.jpg,4.8,
28,[KH·∫ÆC CH·ªÆ JAPAN - SI√äU B√âN] Dao ch·∫∑t x∆∞∆°ng th√°i th·ªãt Japan si√™u b√©n cho nh√† b·∫øp th√™m ti·ªán l·ª£i,52800,B·∫£o Tr√¢n Shopping,https://p-vn.ipricegroup.com/ef68b70652cdb3cc20915513eaab8d3e23c2709e_0.jpg,4.8,
29,Vogvigo D·ª•ng C·ª• C·∫Øt Ph√¥ Mai D·ª•ng C·ª• G·ªçt Tr√°i C√¢y Mi·ªáng R·ªông B·∫Øp C·∫£i D·ª•ng C·ª• C·∫Øt B·∫±ng Th√©p Kh√¥ng G·ªâ D·ª•ng C·ª• B√†o Rau C·ªß Salad,52805,Vogvigo Kitchen &amp; Dining,https://p-vn.ipricegroup.com/21b0142419ba4b5cb2d4728c361db6111b38262b_0.jpg,4.8,
30,Woola Dao B√¨a ƒë·∫ßu b·∫øp butcher d·ª•ng c·ª• nh√† b·∫øp ƒë·∫ßy ƒë·ªß tang x·ª≠ l√Ω da dao v·ªè b·ªçc,52931,Woola Fanghui,https://p-vn.ipricegroup.com/a23c694c3dd9dda4815f415bb59661c4b99fe06a_0.jpg,4.8,
31,"Kiwi Dao nh√† b·∫øp Java 5"" c√°n nh·ª±a nh·ªè Thai Lan - R475",53000,Gia D·ª•ng Trung Huy,https://p-vn.ipricegroup.com/8da9f053a244974bcc6ca8f5fbc9ef8a1841249b_0.jpg,4.9,
32,[H·ªòP 12 C√ÇY] B·ªô dao b·∫øp Th√°i Lan c√°n v√†ng m≈©i b·∫ßu 512 ch·∫•t li·ªáu inox dao g·ªçt tr√°i c√¢y rau c·ªß qu·∫£ si√™u b√©n Thailand,53000,Luong Yen store,https://p-vn.ipricegroup.com/b5f153eefbaba6a19a14e7a883274abd2aad83cf_0.jpg,4.9,
33,ZUOGUAN ƒê·ª•c g·ªó ƒê·∫ßu ph·∫≥ng c√°i ƒê·ª•c g·ªó d·ª•ng c·ª• ngh·ªÅ m·ªôc Tr·ªçn B·ªô Dao ƒë·ª•c ƒë·ª•c d·∫πt ƒê·ª•c G·ªó ƒê·ªß Size Hark Caput Th√©p Chu·∫©n,53000,ZUOGUAN Mall,https://p-vn.ipricegroup.com/9622f2a0d33973fb5a1af0ee79e1c3b3161c4acf_0.jpg,4.7,
34,Rondaful B√≥c V·ªè B·∫±ng H·ªôp B·∫£o Qu·∫£n D·ª•ng C·ª• G·ªçt V·ªè B·∫£o Qu·∫£n Ch·ª©c NƒÉng D·ª•ng c·ª• b√≥c v·ªè ch·ªëng tia n∆∞·ªõc D·ª•ng c·ª• g·ªçt v·ªè rau c·ªß qu·∫£ ƒëa nƒÉng d√†nh cho gia ƒë√¨nh nh√† h√†ng kh√°ch s·∫°n vƒÉn ph√≤ng trusted,53075,Xuri Shop,https://p-vn.ipricegroup.com/39a916d12842a4ad342866df4148ecf36161ece3_0.jpg,4.8,
35,Dao Th√°i Th·ªãt C√° Cao C·∫•p Nh·∫≠t B·∫£n ASAKH Si√™u S·∫Øc - Dao d√†y d·∫∑n n·∫∑ng tay c√°n g·ªó ch·∫Øc ch·∫Øn,53100,NEIL.Selection,https://p-vn.ipricegroup.com/10086b031c778156899e3a50b8f94793bd7cf4ed_0.jpg,4.8,
36,Shein B·ªô dao k√©o di ƒë·ªông b·∫±ng th√©p kh√¥ng g·ªâ thanh l·ªãch B·ªô ƒë·ªì ƒÉn ph·∫≥ng 3 m√≥n phong c√°ch H√†n Qu·ªëc Qu√† t·∫∑ng ngo√†i tr·ªùi B·ªô ƒë·ªì ƒÉn cho h·ªçc sinh,53900,,https://p-vn.ipricegroup.com/280a0cb179f461a70652d7493ff722b900d68f9f_0.jpg,,
37,Dao Ch·∫∑t X∆∞∆°ng Th√©p Kh√¥ng R·ªâ C√°n G·ªó/Nh·ª±aDao Th√°i Th·ªãt C√° Nh·∫≠t B·∫£nSi√™u B·ªÅn B·ªâ An To√†n,53900,Superior_living,https://p-vn.ipricegroup.com/97bfdb8169b304353ca465f4720f897fe24e6cdd_0.jpg,4.8,
38,Dao ch·∫∑t ƒëa nƒÉng th√©p kh√¥ng g·ªâ dao chuy√™n d√πng ch·∫∑t x∆∞∆°ng ch·∫∑t g√† s·∫Øc b√©n c√°c lo·∫°i x∆∞∆°ng c·ª©ng,53900,Homepro_Vn,https://p-vn.ipricegroup.com/4f5b847212253ed4698179d843a368b540083dad_0.jpg,4.9,
39,Dao Ch·∫∑t X∆∞∆°ng Nh·∫≠t B·∫£n-D√†y L∆∞·ª°i 1.2-3mmThi·∫øt K·∫ø Th√©p Kh√¥ng G·ªâ Tay ƒêen Cao C·∫•p-Ch·∫∑t G√† V·ªãt BƒÉm Th·ªãt,53900,Superior_living,https://p-vn.ipricegroup.com/313c20f672d777dae6256f3785ea19f10a510419_0.jpg,4.8,
40,Shein M√°y th√°i l√°t Mandoline ƒëa nƒÉng cho nh√† b·∫øp m√°y c·∫Øt rau c·ªß b·∫±ng th√©p kh√¥ng g·ªâ m√°y c·∫Øt khoai t√¢y chi√™n khoai t√¢y chi√™n cho gia ƒë√¨nh,54000,,https://p-vn.ipricegroup.com/d3bb8156a000fe8e612cebf98290bb6930f1ea2e_0.jpg,,
41,Shein 1 chi·∫øc dao c·∫Øt khoai t√¢y s√°ng t·∫°o ƒëa nƒÉng h√¨nh l∆∞·ª£n s√≥ng d·ª•ng c·ª• c·∫Øt rau c·ªß qu·∫£ nh√† b·∫øp d·ª•ng c·ª• c·∫Øt l√°t c√≥ tay c·∫ßm b·∫±ng g·ªó ƒë·ªÉ c·∫Øt khoai t√¢y chi√™n,54000,,https://p-vn.ipricegroup.com/af8f1ada81efd2cf4b675c36b9a01635f78ef92b_0.jpg,,
42,ƒê√° m√†i dao th√°i lan KODO h·ªôp nh·ª±a xanh- h√†ng ch√≠nh h√£ng,54000,You_Me,https://p-vn.ipricegroup.com/c8aae381f4fc239226aef8e5af6cc3287863afee_0.jpg,4.9,
43,Diamond Handmade Saw File High Carbon Steel Multi-Purpose Grinding Tool Fine Tooth Single Row Diamond File Knife Sharpener,54000,TAO Hard Tools,https://p-vn.ipricegroup.com/c886aa98fd3da7e21f6103d2f4bfd351ec1258a8_0.jpg,4.8,
44,ZHANTONG Dao B√¨a ƒë·∫ßu b·∫øp butcher d·ª•ng c·ª• nh√† b·∫øp ƒë·∫ßy ƒë·ªß tang x·ª≠ l√Ω da dao v·ªè b·ªçc,54187,ZHANTONG,https://p-vn.ipricegroup.com/d4b7f57ae0b385c4d2deeba72ad7ab44d7ba5b04_0.jpg,4.8,
45,D·ª•ng c·ª• m√†i Corundum hai m·∫∑t xanh v√† ƒë·ªè - ƒê√° m√†i 400/1500 cho dao nh√† b·∫øp - D·ª•ng c·ª• m√†i dao chuy√™n nghi·ªáp d√†nh cho ƒë·∫ßu b·∫øp,54272,Fairtopstore,https://p-vn.ipricegroup.com/1b9074b9b2a395e4eddc5600ec52dc3d85c74829_0.jpg,4.7,
46,Dao ch·∫∑t x∆∞∆°ng cao c·∫•p d√†nh cho nh√† b·∫øp,54300,NEIL.Selection,https://p-vn.ipricegroup.com/c0a9895dfad5a7cac2e5aceb63f705b317c952da_0.jpg,4.8,
47,„ÄêHCX Store„Äëüíñ„ÄêHOT SALE„Äëüéàüéà Dao B√¨a ƒë·∫ßu b·∫øp butcher d·ª•ng c·ª• nh√† b·∫øp ƒë·∫ßy ƒë·ªß tang x·ª≠ l√Ω da dao v·ªè b·ªçc,54819,hanchunxiang,https://p-vn.ipricegroup.com/5d4cf53babedec4a7ef096bdd1fbba267c30973b_0.jpg,4.6,
48,[Fortitudes] Dao B√¨a ƒë·∫ßu b·∫øp butcher d·ª•ng c·ª• nh√† b·∫øp ƒë·∫ßy ƒë·ªß tang x·ª≠ l√Ω da dao v·ªè b·ªçc,54819,Fortitudes,https://p-vn.ipricegroup.com/7845e4beec81399fc4a423e3f603f75d4e0c2af0_0.jpg,4.6,
49,Pnate Dao B√¨a ƒë·∫ßu b·∫øp butcher d·ª•ng c·ª• nh√† b·∫øp ƒë·∫ßy ƒë·ªß tang x·ª≠ l√Ω da dao v·ªè b·ªçc,54856,Pnate Mini,https://p-vn.ipricegroup.com/4ec433791d2989ec7a7fc65b3b50d642ca9092c4_0.jpg,4.8,
50,D·ª•ng C·ª• M√†i Dao K√©o 4 Lo·∫°i 20cm - M√°y M√†i Dao K√©o ƒêa NƒÉng - M√°y M√†i Dao C·∫ßm Tay Ti·ªán D·ª•ng An To√†n Gi√∫p Vi·ªác N·ªôi Tr·ª£ Tr·ªü N√™n D·ªÖ D√†ng.,55000,Si√™u Th·ªã H·ªì Ch√≠ Minh,https://p-vn.ipricegroup.com/926e1ede05fb83c3159f3f267c0574765a9ff182_0.jpg,4.8,
51,B·ªô dao Th√°i Lan 5 m√≥n si√™u b√©n - set 5 dao th√©p si√™u b√©n c·∫Øt th√°i v√† ch·∫∑t th·ªãt cao c·∫•p- b·ªô dao th√°i - dao g·ªçt tr√°i c√¢y th√°i th·ªãt th√°i lan cao c·∫•p,55000,LD Store79,https://p-vn.ipricegroup.com/a73cf55c4260569488d0d989e31f54def1660a85_0.jpg,4.7,
52,ƒê·ªì M√†i Dao K√©o C·∫ßm Tay,55000,BlueStoreHCM,https://p-vn.ipricegroup.com/7c975e368e255dffa65c754a42546ed1d88f5f54_0.jpg,4.8,
53,DAO CH·∫∂T X∆Ø∆†NG C√ÅN INOX CAO C·∫§P - DAO INOX N·∫∂NG CH·∫ÆC CH·∫ÆN - DAO CH·∫∂T,55000,PH·∫§N ƒê·∫§U M·ªöI,https://p-vn.ipricegroup.com/0c3e59a0593fe113f3268d367321f78f3a1394b8_0.jpg,4.8,
54,D·ª•ng C·ª• M√†i Dao K√©o 4 Lo·∫°i 20cm - M√°y M√†i Dao K√©o ƒêa NƒÉng - M√°y M√†i Dao C·∫ßm Tay Ti·ªán D·ª•ng M√†i ƒê∆∞·ª£c M·ªçi Lo·∫°i Dao V√† K√©o.,55000,KAFA LUXURY STORE,https://p-vn.ipricegroup.com/01ccae75de71349b1724c2f227a7ae1d4dfc2a11_0.jpg,4.9,
55,K√©o C·∫Øt Th·ªãt G√† Sk5 Nh·∫≠t B·∫£n H√†ng Ch√≠nh H√£ng Giao M√†u Ng·∫´u Nhi√™n,55000,Ti·ªán √≠ch 1708,https://p-vn.ipricegroup.com/4b1df6f1f6e3e73b708b517272176f89fae257b6_0.jpg,4.4,
56,Dao ch·∫∑t c√¢y ch·∫∑t c·ªßi ph√°t c√¢y m≈©i b·∫±ng r√®n th·ªß c√¥ng,55000,Dao k√©o l√†ng r√®n,https://p-vn.ipricegroup.com/ac5b726d0d7cdfd4d45558cffa3280fb1f52a029_0.jpg,4.9,
57,Dao c·∫Øt m√≠t Dao Th√°i Lan Dao kiwi 199198,55000,TinhHanh,https://p-vn.ipricegroup.com/469473a60e55ec8962ce0924a46595f559a5cb57_0.jpg,4.9,
58,Kiwi Dao Th√°i Lan l√†m b·∫øp c√°n ƒëen cao c·∫•p ƒë·ªß size si√™u s·∫Øc b√©n ti·ªán l·ª£i,55000,GIA DUNG ROSE,https://p-vn.ipricegroup.com/7debfc496d6a9af710adb0e832298eb842bc2c2d_0.jpg,4.9,
